dwc:occurrenceId,dcterms:identifier,ac:accessURI,ac:associatedSpecimenReference,ac:caption,ac:comments,Iptc4xmpExt:CountryName,xmp:CreateDate,dc:creator,photoshop:Credit,dcterms:description,ac:digitizationDate,dc:format,ac:hashFunction,ac:hashValue,ac:hasServiceAccessPoint,ac:IDofContainingCollection,ac:licenseLogoURL,xmp:MetadataDate,ac:metadataLanguage,ac:metadataLanguageLiteral,ac:metadataProviderLiteral,dcterms:modified,xmpRights:Owner,exif:PixelXDimension,exif:PixelYDimension,ac:providerLiteral,ac:providerManagedID,Iptc4xmpExt:ProvinceState,references,dc:rights,dcterms:rights_1,rightsHolder,dwc:scientificName,ac:serviceExpectation,dc:source,ac:subjectCategoryVocabulary,ac:subtypeLiteral,ac:tag,dc:title,dc:type,dcterms:type_1,xmpRights:UsageTerms,ac:variant,ac:variantLiteral,xmpRights:WebStatement,Iptc4xmpExt:WorldRegion
9b6a21c4-76f5-4117-acae-e7c88bc33864,https://images.ala.org.au/image/proxyImageThumbnailLarge?imageId=b5f1fe84-005b-4566-a495-35455cdff672,,,,,,2016-12-13 18:17:03,E. Meyrick,,,,image/jpeg,,b051556e80faebe5d9e3c691a854d23e,,,,,,,,,,3000,2047,,,,https://images.ala.org.au/image/b5f1fe84-005b-4566-a495-35455cdff672,,,CSIRO,,,,,,,Eutorna pabulicola,,,Creative Commons Attribution Non-Commercial Australia 3.0,,,,
9145ec8b-a322-4784-b417-091ed3f137ee,https://images.ala.org.au/image/proxyImageThumbnailLarge?imageId=c43a8574-45c8-41e5-a544-0e09dd33b3de,,,,,,2016-12-13 18:16:52,F.P. Dodd,,,,image/jpeg,,10febcb8c37dd9a626a50253e559e318,,,,,,,,,,3000,2047,,,,https://images.ala.org.au/image/c43a8574-45c8-41e5-a544-0e09dd33b3de,,,CSIRO,,,,,,,Eupselia tristephana,,,Creative Commons Attribution Non-Commercial Australia 3.0,,,,
f7a0a6ae-3e39-4ab2-8f5e-51dfbec192f7,https://images.ala.org.au/image/proxyImageThumbnailLarge?imageId=d6d9851b-1513-4028-b7fb-cf2b477208b1,,,,,,2016-12-13 18:10:05,W.B. Barnard,,,,image/jpeg,,2f885f4e4a9b0f11cddbd24aeb50e5dd,,,,,,,,,,3000,2047,,,,https://images.ala.org.au/image/d6d9851b-1513-4028-b7fb-cf2b477208b1,,,CSIRO,,,,,,,Eupselia axiepaena,,,Creative Commons Attribution Non-Commercial Australia 3.0,,,,
19880f3a-735f-445d-b4aa-5f5c22e3bcdb,https://images.ala.org.au/image/proxyImageThumbnailLarge?imageId=ccc293d9-cadc-4f2d-a3d8-20258f3eeee3,,,,,,2016-12-13 17:49:34,F.P. Dodd,,,,image/jpeg,,a3d7f43dfbee02c3b2460eff50b8dcff,,,,,,,,,,3000,2047,,,,https://images.ala.org.au/image/ccc293d9-cadc-4f2d-a3d8-20258f3eeee3,,,CSIRO,,,,,,,Chionogenes trimetra,,,Creative Commons Attribution Non-Commercial Australia 3.0,,,,
03e79bcc-6262-459d-bcff-9950c39d3c00,https://images.ala.org.au/image/proxyImageThumbnailLarge?imageId=c163c43e-8442-4952-9097-4db6193e08f1,,,,,,2016-12-13 17:45:43,Dodd,,,,image/jpeg,,9f949ae88ac1c67389a0346608c233b3,,,,,,,,,,3000,2047,,,,https://images.ala.org.au/image/c163c43e-8442-4952-9097-4db6193e08f1,,,CSIRO,,,,,,,Carmenta melanocera,,,Creative Commons Attribution Non-Commercial Australia 3.0,,,,
90c9917e-3f27-4f84-be17-3a88bfca3c7d,f6928cc6-5164-4662-8cea-0024ce92da5a,https://fm-digital-assets.fieldmuseum.org/1978/251/C0239066F_14076.jpg,,,,,,Field Museum of Natural History - Botany Department,Please cite this as: (c) The Field Museum (DATE) CC-BY-NC,Label image for C0239066F,,jpeg,MD5,ad58d86de91eb15cb3debd99c1dd04b3,,http://grbio.org/cool/90as-ki3a,,2019-08-23,,eng,,,Field Museum of Natural History,2304,1536,Field Museum of Natural History - Botany Department,1978251,,,[Copyright] Field Museum of Natural History - CC BY-NC,,,,,,,,Fungi | Label,C0239066F,StillImage,,,,,https://www.fieldmuseum.org/field-museum-natural-history-conditions-and-suggested-norms-use-collections,
849d7001-a300-4895-8077-a27f4c36539c,353f1430-2149-4bb3-9e50-97d9682cc4b0,https://fm-digital-assets.fieldmuseum.org/1978/138/C0238952F_13965.jpg,,,,,,Field Museum of Natural History - Botany Department,Please cite this as: (c) The Field Museum (DATE) CC-BY-NC,Label image for C0238952F,,jpeg,MD5,2b38eb3499c1f994a0dc2f60684fc8f1,,http://grbio.org/cool/90as-ki3a,,2019-08-23,,eng,,,Field Museum of Natural History,2304,1536,Field Museum of Natural History - Botany Department,1978138,,,[Copyright] Field Museum of Natural History - CC BY-NC,,,,,,,,Fungi | Label,C0238952F,StillImage,,,,,https://www.fieldmuseum.org/field-museum-natural-history-conditions-and-suggested-norms-use-collections,
f860a703-2b71-4fbb-8107-a3e2f425a8ad,f702373a-b774-4125-be40-f5529a8c0835,https://fm-digital-assets.fieldmuseum.org/1978/090/C0238905F_13918.jpg,,,,,,Field Museum of Natural History - Botany Department,Please cite this as: (c) The Field Museum (DATE) CC-BY-NC,Label image for C0238905F,,jpeg,MD5,bcceb61f6e0f3ac1b2ee26f6d4d626ac,,http://grbio.org/cool/90as-ki3a,,2019-08-23,,eng,,,Field Museum of Natural History,2304,1536,Field Museum of Natural History - Botany Department,1978090,,,[Copyright] Field Museum of Natural History - CC BY-NC,,,,,,,,Fungi | Label,C0238905F,StillImage,,,,,https://www.fieldmuseum.org/field-museum-natural-history-conditions-and-suggested-norms-use-collections,
10597c69-e9bd-43a2-ad8f-7e659b5f1b63,4e3393cf-26c6-43d9-877f-a3240ed8aa60,https://fm-digital-assets.fieldmuseum.org/1978/307/C0239120F_14128.jpg,,,,,,Field Museum of Natural History - Botany Department,Please cite this as: (c) The Field Museum (DATE) CC-BY-NC,Label image for C0239120F,,jpeg,MD5,ea2bd4fd23f39579a0575b47bcbb9433,,http://grbio.org/cool/90as-ki3a,,2019-08-23,,eng,,,Field Museum of Natural History,2304,1536,Field Museum of Natural History - Botany Department,1978307,,,[Copyright] Field Museum of Natural History - CC BY-NC,,,,,,,,Fungi | Label,C0239120F,StillImage,,,,,https://www.fieldmuseum.org/field-museum-natural-history-conditions-and-suggested-norms-use-collections,
bc42b153-c376-4233-92ef-a943d877511d,dd6a427f-3c5b-4dc4-9c79-dc9701ad9fe0,https://fm-digital-assets.fieldmuseum.org/1469/861/Calvatia Union County IL.JPG,,,,,,J. McFarland,Please cite this as: (c) The Field Museum (DATE) CC-BY-NC,fresh specimen photo in situ,,jpeg,MD5,3da177f7d956efad6dbe348fe184d7c4,,http://grbio.org/cool/90as-ki3a,,2018-08-22,,eng,,,Field Museum of Natural History,640,480,Field Museum of Natural History,1469861,,,[Copyright] Field Museum of Natural History - CC BY-NC,,,,,,,,Fungi,Calvatia gigantea,StillImage,,,,,https://www.fieldmuseum.org/field-museum-natural-history-conditions-and-suggested-norms-use-collections,
d5f80f5d-2665-4e6a-8327-6fad4d07771a,c3552ee9-16ff-4542-95db-d14dadf9665b,https://fm-digital-assets.fieldmuseum.org/2210/312/3982418_Spanioda pectoralis_DS_01_IN.jpg,,,,,13 Oct 2020,Stephanie L. Ware : Field Museum of Natural History - Insects,Please cite this as: (c) The Field Museum (DATE) CC-BY-NC,"3982418 Spanioda pectoralis, holotype, dissected structures",,jpeg,MD5,e894e5916b2b19ed819067f4cf64024f,https://mm.fieldmuseum.org/c3552ee9-16ff-4542-95db-d14dadf9665b,http://biocol.org/urn:lsid:biocol.org:col:34795,,2020-10-13,,eng,,,Field Museum of Natural History,2465,1848,Field Museum of Natural History - Insects Division,2210312,,,[Copyright] Field Museum of Natural History - CC BY-NC,,,,,,,,Photo Request | Insecta | Coleoptera | Staphylinidae | Spanioda,"3982418 Spanioda pectoralis, holotype, dissected structures",StillImage,,,,mediumQualityFurtherInformationURL,https://www.fieldmuseum.org/field-museum-natural-history-conditions-and-suggested-norms-use-collections,
d5f80f5d-2665-4e6a-8327-6fad4d07771a,02cc94de-e934-4bce-abde-9dbfa5267024,https://fm-digital-assets.fieldmuseum.org/2210/311/3982418_Spanioda pectoralis_D_IN.jpg,,,,,13 Oct 2020,Stephanie L. Ware : Field Museum of Natural History - Insects,Please cite this as: (c) The Field Museum (DATE) CC-BY-NC,"3982418 Spanioda pectoralis, habitus, dorsal view",,jpeg,MD5,68e2a742a8f5eff5ef2c87ce8757f720,https://mm.fieldmuseum.org/02cc94de-e934-4bce-abde-9dbfa5267024,http://biocol.org/urn:lsid:biocol.org:col:34795,,2020-10-13,,eng,,,Field Museum of Natural History,2558,1918,Field Museum of Natural History - Insects Division,2210311,,,[Copyright] Field Museum of Natural History - CC BY-NC,,,,,,,,Photo Request | Insecta | Coleoptera | Staphylinidae | Spanioda,"3982418 Spanioda pectoralis, habitus, dorsal view",StillImage,,,,mediumQualityFurtherInformationURL,https://www.fieldmuseum.org/field-museum-natural-history-conditions-and-suggested-norms-use-collections,
af44bb8f-3fe5-4d07-999a-e209072329ea,e6526b52-e9aa-461b-ab26-88d1e94c25c7,https://fm-digital-assets.fieldmuseum.org/1254/789/3130622_Spelobia_quinata_PT_d_IN.jpg,,,,,2015,Field Museum of Natural History - Insects Division | GDI 2013-2015,Please cite this as: (c) The Field Museum (DATE) CC-BY-NC,3130622 Spelobia quinata PT d IN,,jpeg,MD5,ad3719491f3af22b642ec35d89fba4af,https://mm.fieldmuseum.org/e6526b52-e9aa-461b-ab26-88d1e94c25c7,http://biocol.org/urn:lsid:biocol.org:col:34795,,2018-11-02,,eng,,,Field Museum of Natural History,1000,1500,Field Museum of Natural History,1254789,,,[Copyright] Field Museum of Natural History - CC BY-NC,,,,,,,,Diptera | Sphaeroceridae | Spelobia | Paratype,3130622 Spelobia quinata PT d IN,Image,,,,mediumQualityFurtherInformationURL,https://www.fieldmuseum.org/field-museum-natural-history-conditions-and-suggested-norms-use-collections,
af44bb8f-3fe5-4d07-999a-e209072329ea,c1f8f880-1d08-430d-a023-0825b6306bc9,https://fm-digital-assets.fieldmuseum.org/1254/792/3130622_Spelobia_quinata_PT_p_IN.jpg,,,,,2015,Field Museum of Natural History - Insects Division | GDI 2013-2015,Please cite this as: (c) The Field Museum (DATE) CC-BY-NC,3130622 Spelobia quinata PT p IN,,jpeg,MD5,83eaea79ef1cdf546a8a3fe40a980cdb,https://mm.fieldmuseum.org/c1f8f880-1d08-430d-a023-0825b6306bc9,http://biocol.org/urn:lsid:biocol.org:col:34795,,2018-11-02,,eng,,,Field Museum of Natural History,1500,1000,Field Museum of Natural History,1254792,,,[Copyright] Field Museum of Natural History - CC BY-NC,,,,,,,,Diptera | Sphaeroceridae | Spelobia | Paratype,3130622 Spelobia quinata PT p IN,Image,,,,mediumQualityFurtherInformationURL,https://www.fieldmuseum.org/field-museum-natural-history-conditions-and-suggested-norms-use-collections,
af44bb8f-3fe5-4d07-999a-e209072329ea,95a95dc2-4995-42ad-a8bd-01534a1c4a5b,https://fm-digital-assets.fieldmuseum.org/1254/790/3130622_Spelobia_quinata_PT_h_IN.jpg,,,,,2015,Field Museum of Natural History - Insects Division | GDI 2013-2015,Please cite this as: (c) The Field Museum (DATE) CC-BY-NC,3130622 Spelobia quinata PT h IN,,jpeg,MD5,474e4126d5295b8a6c32447e6f31de14,https://mm.fieldmuseum.org/95a95dc2-4995-42ad-a8bd-01534a1c4a5b,http://biocol.org/urn:lsid:biocol.org:col:34795,,2018-11-02,,eng,,,Field Museum of Natural History,1000,1500,Field Museum of Natural History,1254790,,,[Copyright] Field Museum of Natural History - CC BY-NC,,,,,,,,Diptera | Sphaeroceridae | Spelobia | Paratype,3130622 Spelobia quinata PT h IN,Image,,,,mediumQualityFurtherInformationURL,https://www.fieldmuseum.org/field-museum-natural-history-conditions-and-suggested-norms-use-collections,
86347d08-7baa-430d-a9bb-2c718194807f,258a6637-a396-4822-90cb-0d8332856ac7,https://fm-digital-assets.fieldmuseum.org/534/269/CSZ23957.jpg,,,,,1906,Carl E. Akeley,Please cite this as: (c) The Field Museum (DATE) CC-BY-NC,Rhinoceros. Kenya Province. British East Africa expedition. Black Rhinoceros. Zoology specimen 33490. verify if a copy of CSZ19938 by C.E. Akeley,,jpeg,MD5,2cfffff7d040ea28f6e3126330647d7b,https://mm.fieldmuseum.org/258a6637-a396-4822-90cb-0d8332856ac7,http://biocol.org/urn:lsid:biocol.org:col:34795,,2019-06-12,,eng,,,Field Museum of Natural History,2000,1603,,534269,,,[Copyright] Field Museum of Natural History - CC BY-NC,,,,,,,,,Rhinoceros,StillImage,,,,mediumQualityFurtherInformationURL,https://www.fieldmuseum.org/field-museum-natural-history-conditions-and-suggested-norms-use-collections,
f69655a6-b76e-4589-9591-1ad840a2ec0b,646a3286-c4ad-40c2-bf6f-247ae209e009,https://fm-digital-assets.fieldmuseum.org/534/190/Z93966_1c.jpg,,,,,Oct 1992,John Weinstein : Field Museum of Natural History,Please cite this as: (c) The Field Museum (DATE) CC-BY-NC,"Bat, Genus: Dodsonia, Species: Chapmani [mammal] specimen prepared for collection [eyes are stuffed with cotton] Zoology specimen 66318",,jpeg,MD5,e4bc66a0f1e177c1ce8dd4e18077927f,https://mm.fieldmuseum.org/646a3286-c4ad-40c2-bf6f-247ae209e009,http://biocol.org/urn:lsid:biocol.org:col:34795,,2019-02-22,,eng,,,Field Museum of Natural History,599,477,,534190,,,[Copyright] Field Museum of Natural History - CC BY-NC,,,,,,,,,Bat,StillImage,,,,mediumQualityFurtherInformationURL,https://www.fieldmuseum.org/field-museum-natural-history-conditions-and-suggested-norms-use-collections,
f69655a6-b76e-4589-9591-1ad840a2ec0b,eea8b5fb-07e7-47b4-a6b5-55218b228d93,https://fm-digital-assets.fieldmuseum.org/534/191/Z93966_2c.jpg,,,,,Oct 1992,John Weinstein : Field Museum of Natural History,Please cite this as: (c) The Field Museum (DATE) CC-BY-NC,"Bat, Genus: Dodsonia, Species: Chapmani [mammal] specimen prepared for collection [eyes are stuffed with cotton] Zoology specimen 66318",,jpeg,MD5,d9df3d966ba55146a1efee3375ad40b3,https://mm.fieldmuseum.org/eea8b5fb-07e7-47b4-a6b5-55218b228d93,http://biocol.org/urn:lsid:biocol.org:col:34795,,2019-02-22,,eng,,,Field Museum of Natural History,657,453,,534191,,,[Copyright] Field Museum of Natural History - CC BY-NC,,,,,,,,,Bat,StillImage,,,,mediumQualityFurtherInformationURL,https://www.fieldmuseum.org/field-museum-natural-history-conditions-and-suggested-norms-use-collections,
ed0fd920-57b9-4833-b5f1-75da9bd96494,1cb560ab-885c-4332-8188-55d5e2c33e76,https://fm-digital-assets.fieldmuseum.org/534/095/Z92709.jpg,,,,,21 Jul 1977,Ron Testa : Field Museum of Natural History,Please cite this as: (c) The Field Museum (DATE) CC-BY-NC,"Eastern Domestic Cat skeleton, Hall 19 exhibit case Zoology specimen 18861",,jpeg,MD5,3c3f09f872dd7c00a0ec4c2f078efadc,https://mm.fieldmuseum.org/1cb560ab-885c-4332-8188-55d5e2c33e76,http://biocol.org/urn:lsid:biocol.org:col:34795,,2019-02-22,,eng,,,Field Museum of Natural History,677,296,,534095,,,[Copyright] Field Museum of Natural History - CC BY-NC,,,,,,,,,Eastern Domestic Cat,StillImage,,,,mediumQualityFurtherInformationURL,https://www.fieldmuseum.org/field-museum-natural-history-conditions-and-suggested-norms-use-collections,
ed0fd920-57b9-4833-b5f1-75da9bd96494,96668831-aa28-4ddc-9a64-9f9bbeb2bfd5,https://fm-digital-assets.fieldmuseum.org/534/440/Z40T.jpg,,,,,Jul 1978,Ron Testa : Field Museum of Natural History,Please cite this as: (c) The Field Museum (DATE) CC-BY-NC,"Domestic Cat Felis silvestris skeleton, Hall 19 Case 5 Zoology specimen 18861",,jpeg,MD5,d488c8ac26f3f02a9b8c23711dc9cb24,https://mm.fieldmuseum.org/96668831-aa28-4ddc-9a64-9f9bbeb2bfd5,http://biocol.org/urn:lsid:biocol.org:col:34795,,2019-04-25,,eng,,,Field Museum of Natural History,2000,1197,,534440,,,[Copyright] Field Museum of Natural History - CC BY-NC,,,,,,,,,Domestic Cat Felis,StillImage,,,,mediumQualityFurtherInformationURL,https://www.fieldmuseum.org/field-museum-natural-history-conditions-and-suggested-norms-use-collections,
MCZ:Herp:R-147039,http://mczbase.mcz.harvard.edu/media/92897,http://mczbase.mcz.harvard.edu/specimen_images/herpetology/large/R147039_A_festae_dx.jpg,http://mczbase.mcz.harvard.edu/guid/MCZ:Herp:R-147039,,,Ecuador,,,"Museum of Comparative Zoology, Harvard University",dorsoventral x-ray,,image/jpeg,,f45182f724169abbbde2fe824b89c427,,,,,en,,"Museum of Comparative Zoology, Harvard University",2007-06-07,"Museum of Comparative Zoology, Harvard University",1000,,"Museum of Comparative Zoology, Harvard University",,Pichincha,,http://creativecommons.org/licences/by-nc-sa/3.0/legalcode,http://creativecommons.org/licences/by-nc-sa/3.0/legalcode,,Anolis festae,online,,,,,MCZ:Herp:R-147039 Anolis festae dorsoventral x-ray,StillImage,http://purl.org/dc/dcmitype/StillImage,Available under Creative Commons Attribution Share Alike Non Commerical (CC-BY-NC-SA 3.0) license,ac:BestQuality,Best Quality,http://creativecommons.org/licences/by-nc-sa/3.0/,South America
MCZ:Herp:R-142422,http://mczbase.mcz.harvard.edu/media/1272114,http://mczbase.mcz.harvard.edu/specimen_images/herpetology/large/R142422_A_statisticus_H_hl.jpg,http://mczbase.mcz.harvard.edu/guid/MCZ:Herp:R-142422,,,Papua New Guinea,,,"Museum of Comparative Zoology, Harvard University",,,image/jpeg,,3E0FE1324FD1A3559E8A79E09F9CED2B,,,,,en,,"Museum of Comparative Zoology, Harvard University",2016-12-21,"Museum of Comparative Zoology, Harvard University",1000,,"Museum of Comparative Zoology, Harvard University",,Eastern Highlands Province,,http://creativecommons.org/licences/by-nc-sa/3.0/legalcode,http://creativecommons.org/licences/by-nc-sa/3.0/legalcode,,Amphiesma statisticus,online,,,,,MCZ:Herp:R-142422 Amphiesma statisticus,StillImage,http://purl.org/dc/dcmitype/StillImage,Available under Creative Commons Attribution Share Alike Non Commerical (CC-BY-NC-SA 3.0) license,ac:BestQuality,Best Quality,http://creativecommons.org/licences/by-nc-sa/3.0/,Oceania
MCZ:Herp:R-142422,http://mczbase.mcz.harvard.edu/media/1272113,http://mczbase.mcz.harvard.edu/specimen_images/herpetology/large/R142422_A_statisticus_H_hd.jpg,http://mczbase.mcz.harvard.edu/guid/MCZ:Herp:R-142422,,,Papua New Guinea,,,"Museum of Comparative Zoology, Harvard University",,,image/jpeg,,CBC2F4C01DC5E6757A39AF8C3CB02FC9,,,,,en,,"Museum of Comparative Zoology, Harvard University",2016-12-21,"Museum of Comparative Zoology, Harvard University",1000,,"Museum of Comparative Zoology, Harvard University",,Eastern Highlands Province,,http://creativecommons.org/licences/by-nc-sa/3.0/legalcode,http://creativecommons.org/licences/by-nc-sa/3.0/legalcode,,Amphiesma statisticus,online,,,,,MCZ:Herp:R-142422 Amphiesma statisticus,StillImage,http://purl.org/dc/dcmitype/StillImage,Available under Creative Commons Attribution Share Alike Non Commerical (CC-BY-NC-SA 3.0) license,ac:BestQuality,Best Quality,http://creativecommons.org/licences/by-nc-sa/3.0/,Oceania
MCZ:Herp:R-142422,http://mczbase.mcz.harvard.edu/media/1272112,http://mczbase.mcz.harvard.edu/specimen_images/herpetology/large/R142422_A_statisticus_H_hv.jpg,http://mczbase.mcz.harvard.edu/guid/MCZ:Herp:R-142422,,,Papua New Guinea,,,"Museum of Comparative Zoology, Harvard University",,,image/jpeg,,8729681092D13BAD714739D6F00C8D35,,,,,en,,"Museum of Comparative Zoology, Harvard University",2016-12-21,"Museum of Comparative Zoology, Harvard University",1000,,"Museum of Comparative Zoology, Harvard University",,Eastern Highlands Province,,http://creativecommons.org/licences/by-nc-sa/3.0/legalcode,http://creativecommons.org/licences/by-nc-sa/3.0/legalcode,,Amphiesma statisticus,online,,,,,MCZ:Herp:R-142422 Amphiesma statisticus,StillImage,http://purl.org/dc/dcmitype/StillImage,Available under Creative Commons Attribution Share Alike Non Commerical (CC-BY-NC-SA 3.0) license,ac:BestQuality,Best Quality,http://creativecommons.org/licences/by-nc-sa/3.0/,Oceania
MCZ:Herp:R-142422,http://mczbase.mcz.harvard.edu/media/1272111,http://mczbase.mcz.harvard.edu/specimen_images/herpetology/large/R142422_A_statisticus_H_v.jpg,http://mczbase.mcz.harvard.edu/guid/MCZ:Herp:R-142422,,,Papua New Guinea,,,"Museum of Comparative Zoology, Harvard University",,,image/jpeg,,40EEC778D3BA9FB2E58D7D19AB62ED31,,,,,en,,"Museum of Comparative Zoology, Harvard University",2016-12-21,"Museum of Comparative Zoology, Harvard University",1000,,"Museum of Comparative Zoology, Harvard University",,Eastern Highlands Province,,http://creativecommons.org/licences/by-nc-sa/3.0/legalcode,http://creativecommons.org/licences/by-nc-sa/3.0/legalcode,,Amphiesma statisticus,online,,,,,MCZ:Herp:R-142422 Amphiesma statisticus,StillImage,http://purl.org/dc/dcmitype/StillImage,Available under Creative Commons Attribution Share Alike Non Commerical (CC-BY-NC-SA 3.0) license,ac:BestQuality,Best Quality,http://creativecommons.org/licences/by-nc-sa/3.0/,Oceania
MCZ:Herp:R-93681,http://mczbase.mcz.harvard.edu/media/146583,http://mczbase.mcz.harvard.edu/specimen_images/herpetology/large/R93681_Anolis_carolinensis_dx.jpg,http://mczbase.mcz.harvard.edu/guid/MCZ:Herp:R-93681,,,United States,,,"Museum of Comparative Zoology, Harvard University",,,image/jpeg,,dc36a64155a8d8e2ffa16b4c7cb8918f,,,,,en,,"Museum of Comparative Zoology, Harvard University",2009-10-26,"Museum of Comparative Zoology, Harvard University",1000,,"Museum of Comparative Zoology, Harvard University",,Florida,,http://creativecommons.org/licences/by-nc-sa/3.0/legalcode,http://creativecommons.org/licences/by-nc-sa/3.0/legalcode,,Anolis carolinensis,online,,,,,MCZ:Herp:R-93681 Anolis carolinensis,StillImage,http://purl.org/dc/dcmitype/StillImage,Available under Creative Commons Attribution Share Alike Non Commerical (CC-BY-NC-SA 3.0) license,ac:BestQuality,Best Quality,http://creativecommons.org/licences/by-nc-sa/3.0/,North America
MCZ:Herp:R-93703,http://mczbase.mcz.harvard.edu/media/1220586,http://mczbase.mcz.harvard.edu/specimen_images/herpetology/large/R93703_L_stylis_dx.jpg,http://mczbase.mcz.harvard.edu/guid/MCZ:Herp:R-93703,,,Australia,,,"Museum of Comparative Zoology, Harvard University",,,image/jpeg,,EA10431B45F91E830C749B6B86EA099C,,,,,en,,"Museum of Comparative Zoology, Harvard University",2016-11-21,"Museum of Comparative Zoology, Harvard University",1000,,"Museum of Comparative Zoology, Harvard University",,Northern Territory,,http://creativecommons.org/licences/by-nc-sa/3.0/legalcode,http://creativecommons.org/licences/by-nc-sa/3.0/legalcode,,Lerista stylis,online,,,,,MCZ:Herp:R-93703 Lerista stylis,StillImage,http://purl.org/dc/dcmitype/StillImage,Available under Creative Commons Attribution Share Alike Non Commerical (CC-BY-NC-SA 3.0) license,ac:BestQuality,Best Quality,http://creativecommons.org/licences/by-nc-sa/3.0/,Oceania
MCZ:Herp:R-93722,http://mczbase.mcz.harvard.edu/media/201224,http://mczbase.mcz.harvard.edu/specimen_images/herpetology/large/R93722_R_beddomei_S_hv.jpg,http://mczbase.mcz.harvard.edu/guid/MCZ:Herp:R-93722,,,,,,"Museum of Comparative Zoology, Harvard University",,,image/jpeg,,882a459c331dba823f14ccc1fe5bacbf,,,,,en,,"Museum of Comparative Zoology, Harvard University",2014-03-27,"Museum of Comparative Zoology, Harvard University",1000,,"Museum of Comparative Zoology, Harvard University",,,,http://creativecommons.org/licences/by-nc-sa/3.0/legalcode,http://creativecommons.org/licences/by-nc-sa/3.0/legalcode,,Ristella beddomei,online,,,,,MCZ:Herp:R-93722 Ristella beddomei,StillImage,http://purl.org/dc/dcmitype/StillImage,Available under Creative Commons Attribution Share Alike Non Commerical (CC-BY-NC-SA 3.0) license,ac:BestQuality,Best Quality,http://creativecommons.org/licences/by-nc-sa/3.0/,[no higher geography data]
MCZ:Herp:R-93722,http://mczbase.mcz.harvard.edu/media/201223,http://mczbase.mcz.harvard.edu/specimen_images/herpetology/large/R93722_R_beddomei_S_hd.jpg,http://mczbase.mcz.harvard.edu/guid/MCZ:Herp:R-93722,,,,,,"Museum of Comparative Zoology, Harvard University",,,image/jpeg,,9f9eb588b7faabaa877b174cb0a1703a,,,,,en,,"Museum of Comparative Zoology, Harvard University",2014-03-27,"Museum of Comparative Zoology, Harvard University",1000,,"Museum of Comparative Zoology, Harvard University",,,,http://creativecommons.org/licences/by-nc-sa/3.0/legalcode,http://creativecommons.org/licences/by-nc-sa/3.0/legalcode,,Ristella beddomei,online,,,,,MCZ:Herp:R-93722 Ristella beddomei,StillImage,http://purl.org/dc/dcmitype/StillImage,Available under Creative Commons Attribution Share Alike Non Commerical (CC-BY-NC-SA 3.0) license,ac:BestQuality,Best Quality,http://creativecommons.org/licences/by-nc-sa/3.0/,[no higher geography data]
MCZ:Herp:R-93722,http://mczbase.mcz.harvard.edu/media/201222,http://mczbase.mcz.harvard.edu/specimen_images/herpetology/large/R93722_R_beddomei_S_hl.jpg,http://mczbase.mcz.harvard.edu/guid/MCZ:Herp:R-93722,,,,,,"Museum of Comparative Zoology, Harvard University",,,image/jpeg,,9fa3fcd8278c004bf5efd517a34c52ea,,,,,en,,"Museum of Comparative Zoology, Harvard University",2014-03-27,"Museum of Comparative Zoology, Harvard University",1000,,"Museum of Comparative Zoology, Harvard University",,,,http://creativecommons.org/licences/by-nc-sa/3.0/legalcode,http://creativecommons.org/licences/by-nc-sa/3.0/legalcode,,Ristella beddomei,online,,,,,MCZ:Herp:R-93722 Ristella beddomei,StillImage,http://purl.org/dc/dcmitype/StillImage,Available under Creative Commons Attribution Share Alike Non Commerical (CC-BY-NC-SA 3.0) license,ac:BestQuality,Best Quality,http://creativecommons.org/licences/by-nc-sa/3.0/,[no higher geography data]
ZMA.MOLL.99999@CRS,https://medialib.naturalis.nl/file/id/ZMA.MOLL.99999/format/large,https://medialib.naturalis.nl/file/id/ZMA.MOLL.99999/format/large,,ZMA.MOLL.99999_1,,,,,,,,image/jpeg,,,,,,,,,,,,,,,,,,,,Naturalis Biodiversity Center,,,,,,,,StillImage,,CC0 1.0,ac:GoodQuality,,,
ZMA.MOLL.99997@CRS,https://medialib.naturalis.nl/file/id/ZMA.MOLL.99997/format/large,https://medialib.naturalis.nl/file/id/ZMA.MOLL.99997/format/large,,ZMA.MOLL.99997_0,,,,,,,,image/jpeg,,,,,,,,,,,,,,,,,,,,Naturalis Biodiversity Center,,,,,,,,StillImage,,CC0 1.0,ac:GoodQuality,,,
ZMA.MOLL.99996@CRS,https://medialib.naturalis.nl/file/id/ZMA.MOLL.99996/format/large,https://medialib.naturalis.nl/file/id/ZMA.MOLL.99996/format/large,,ZMA.MOLL.99996_0,,,,,,,,image/jpeg,,,,,,,,,,,,,,,,,,,,Naturalis Biodiversity Center,,,,,,,,StillImage,,CC0 1.0,ac:GoodQuality,,,
ZMA.MOLL.99995@CRS,https://medialib.naturalis.nl/file/id/ZMA.MOLL.99995/format/large,https://medialib.naturalis.nl/file/id/ZMA.MOLL.99995/format/large,,ZMA.MOLL.99995_1,,,,,,,,image/jpeg,,,,,,,,,,,,,,,,,,,,Naturalis Biodiversity Center,,,,,,,,StillImage,,CC0 1.0,ac:GoodQuality,,,
ZMA.MOLL.99994@CRS,https://medialib.naturalis.nl/file/id/ZMA.MOLL.99994/format/large,https://medialib.naturalis.nl/file/id/ZMA.MOLL.99994/format/large,,ZMA.MOLL.99994_1,,,,,,,,image/jpeg,,,,,,,,,,,,,,,,,,,,Naturalis Biodiversity Center,,,,,,,,StillImage,,CC0 1.0,ac:GoodQuality,,,
ZMA.MOLL.99890@CRS,https://medialib.naturalis.nl/file/id/ZMA.MOLL.99890/format/large,https://medialib.naturalis.nl/file/id/ZMA.MOLL.99890/format/large,,ZMA.MOLL.99890_0,,,,,,,,image/jpeg,,,,,,,,,,,,,,,,,,,,Naturalis Biodiversity Center,,,,,,,,StillImage,,CC0 1.0,ac:GoodQuality,,,
ZMA.MOLL.99890.1@CRS,https://medialib.naturalis.nl/file/id/ZMA.MOLL.99890.1/format/large,https://medialib.naturalis.nl/file/id/ZMA.MOLL.99890.1/format/large,,ZMA.MOLL.99890.1_0,,,,,,,,image/jpeg,,,,,,,,,,,,,,,,,,,,Naturalis Biodiversity Center,,,,,,,,StillImage,,CC0 1.0,ac:GoodQuality,,,
ZMA.MOLL.99889@CRS,https://medialib.naturalis.nl/file/id/ZMA.MOLL.99889/format/large,https://medialib.naturalis.nl/file/id/ZMA.MOLL.99889/format/large,,ZMA.MOLL.99889_0,,,,,,,,image/jpeg,,,,,,,,,,,,,,,,,,,,Naturalis Biodiversity Center,,,,,,,,StillImage,,CC0 1.0,ac:GoodQuality,,,
ZMA.MOLL.99886@CRS,https://medialib.naturalis.nl/file/id/ZMA.MOLL.99886/format/large,https://medialib.naturalis.nl/file/id/ZMA.MOLL.99886/format/large,,ZMA.MOLL.99886_0,,,,,,,,image/jpeg,,,,,,,,,,,,,,,,,,,,Naturalis Biodiversity Center,,,,,,,,StillImage,,CC0 1.0,ac:GoodQuality,,,
ZMA.MOLL.99882@CRS,https://medialib.naturalis.nl/file/id/ZMA.MOLL.99882/format/large,https://medialib.naturalis.nl/file/id/ZMA.MOLL.99882/format/large,,ZMA.MOLL.99882_1,,,,,,,,image/jpeg,,,,,,,,,,,,,,,,,,,,Naturalis Biodiversity Center,,,,,,,,StillImage,,CC0 1.0,ac:GoodQuality,,,
http://n2t.net/ark:/65665/3108eac07-267d-4268-8f1b-624116e5cd0e,http://collections.nmnh.si.edu/media/index.php?irn=10885162,http://n2t.net/ark:/65665/m3791eab7f-b380-45e6-9970-eb6003fb3d8b,,,,,,Mark Florence,,,,"tiff, jpeg, jpeg, jpeg, jpeg",,,,,https://www.si.edu/sites/default/files/icons/cc0.svg,,,,,,,3456,3456,"Smithsonian Institution, NMNH, Paleobiology",,,,CC0,,,,,"Specimen from Department of Paleobiology, NMNH, Smithsonian Institution",Specimen/Object,,,USNM PAL 62949 - Prestwichia,image,,https://creativecommons.org/publicdomain/zero/1.0/,,,https://naturalhistory.si.edu/research/nmnh-collections/museum-collections-policies,
http://n2t.net/ark:/65665/32f82db54-edc8-444b-9c12-47c1d2c230ea,http://collections.nmnh.si.edu/media/index.php?irn=12698613,http://n2t.net/ark:/65665/m3e465f71e-6498-40a7-b93b-19c9d4dd8f8f,,,,,,Pixel Acuity,,Image was created as part of the Smithsonian Institution Digitization Program Office (SI DPO) mass digitization pilot project to support the National Science Foundation Advancing Digitization of Biodiversity Collections Eastern Pacific Invertebrates of the Cenozoic Collaborative Thematic Collections Network (NSF ADBC EPICC TCN).,,"tiff, jpeg, jpeg, jpeg, jpeg, jpeg",,,,,https://www.si.edu/sites/default/files/icons/cc0.svg,,,,,,,3224,3261,"Smithsonian Institution, NMNH, Paleobiology",,,,CC0,,,,,"Specimen from Department of Paleobiology, NMNH, Smithsonian Institution.",Specimen/Object,,,USNM PAL 00660055 image 01,image,,https://creativecommons.org/publicdomain/zero/1.0/,,,https://naturalhistory.si.edu/research/nmnh-collections/museum-collections-policies,
http://n2t.net/ark:/65665/375b89654-5b18-4a8c-a07f-bb24d8118066,http://collections.nmnh.si.edu/media/index.php?irn=12697464,http://n2t.net/ark:/65665/m3649b48c6-a9ed-42db-af3a-b2679eef31dc,,,,,,Pixel Acuity,,Image was created as part of the Smithsonian Institution Digitization Program Office (SI DPO) mass digitization pilot project to support the National Science Foundation Advancing Digitization of Biodiversity Collections Eastern Pacific Invertebrates of the Cenozoic Collaborative Thematic Collections Network (NSF ADBC EPICC TCN).,,"tiff, jpeg, jpeg, jpeg, jpeg, jpeg",,,,,https://www.si.edu/sites/default/files/icons/cc0.svg,,,,,,,3224,2987,"Smithsonian Institution, NMNH, Paleobiology",,,,CC0,,,,,"Specimen from Department of Paleobiology, NMNH, Smithsonian Institution.",Specimen/Object,,,USNM PAL 00660056 image 01,image,,https://creativecommons.org/publicdomain/zero/1.0/,,,https://naturalhistory.si.edu/research/nmnh-collections/museum-collections-policies,
http://n2t.net/ark:/65665/326ca58d1-1cb3-43f2-9c79-3fd7269c9f68,http://collections.nmnh.si.edu/media/index.php?irn=12697999,http://n2t.net/ark:/65665/m3f67cf15b-e52b-4c67-9765-5b96717ab0d7,,,,,,Pixel Acuity,,Image was created as part of the Smithsonian Institution Digitization Program Office (SI DPO) mass digitization pilot project to support the National Science Foundation Advancing Digitization of Biodiversity Collections Eastern Pacific Invertebrates of the Cenozoic Collaborative Thematic Collections Network (NSF ADBC EPICC TCN).,,"tiff, jpeg, jpeg, jpeg, jpeg, jpeg",,,,,https://www.si.edu/sites/default/files/icons/cc0.svg,,,,,,,3224,3261,"Smithsonian Institution, NMNH, Paleobiology",,,,CC0,,,,,"Specimen from Department of Paleobiology, NMNH, Smithsonian Institution.",Specimen/Object,,,USNM PAL 00660032 image 01,image,,https://creativecommons.org/publicdomain/zero/1.0/,,,https://naturalhistory.si.edu/research/nmnh-collections/museum-collections-policies,
http://n2t.net/ark:/65665/35a4e7424-d42f-4569-9189-e2ae2f6d2b0b,http://collections.nmnh.si.edu/media/index.php?irn=12695957,http://n2t.net/ark:/65665/m3753a3adf-b199-4fa7-9424-283c78b4a572,,,,,,Pixel Acuity,,Image was created as part of the Smithsonian Institution Digitization Program Office (SI DPO) mass digitization pilot project to support the National Science Foundation Advancing Digitization of Biodiversity Collections Eastern Pacific Invertebrates of the Cenozoic Collaborative Thematic Collections Network (NSF ADBC EPICC TCN).,,"tiff, jpeg, jpeg, jpeg, jpeg, jpeg",,,,,https://www.si.edu/sites/default/files/icons/cc0.svg,,,,,,,3224,3261,"Smithsonian Institution, NMNH, Paleobiology",,,,CC0,,,,,"Specimen from Department of Paleobiology, NMNH, Smithsonian Institution.",Specimen/Object,,,USNM PAL 00660043 image 01,image,,https://creativecommons.org/publicdomain/zero/1.0/,,,https://naturalhistory.si.edu/research/nmnh-collections/museum-collections-policies,
http://n2t.net/ark:/65665/36a85edfb-7245-47f9-9c17-a220acc0e7c2,http://collections.nmnh.si.edu/media/index.php?irn=10023417,http://n2t.net/ark:/65665/m3292ded2f-af18-496e-8081-53abfa1716c5,,,,,,Michael Brett-Surman,,"Sparnodus, part and counterpart.",,"tiff, jpeg, jpeg, jpeg, jpeg",,,,,https://www.si.edu/sites/default/files/icons/cc0.svg,,,,,,,3662,3204,"Smithsonian Institution, NMNH, Paleobiology",,,,CC0,,,,,"Specimen from Department of Paleobiology, NMNH, Smithsonian Institution.",Specimen/Object,,,USNM V 3023,image,,https://creativecommons.org/publicdomain/zero/1.0/,,,https://naturalhistory.si.edu/research/nmnh-collections/museum-collections-policies,
http://n2t.net/ark:/65665/3d540bed9-3c0b-4c35-92b2-13b50d62ae73,http://collections.nmnh.si.edu/media/index.php?irn=10199304,http://n2t.net/ark:/65665/m315081da6-11ba-45d4-9405-e59bb6e83ffd,,,,,,Michael Brett-Surman,,Cheirolepis trailli.,,"tiff, jpeg, jpeg, jpeg, jpeg",,,,,https://www.si.edu/sites/default/files/icons/cc0.svg,,,,,,,5184,2404,"Smithsonian Institution, NMNH, Paleobiology",,,,CC0,,,,,"Specimen from Department of Paleobiology, NMNH, Smithsonian Institution.",Specimen/Object,,,USNM PAL 281650_2,image,,https://creativecommons.org/publicdomain/zero/1.0/,,,https://naturalhistory.si.edu/research/nmnh-collections/museum-collections-policies,
http://n2t.net/ark:/65665/365342934-e171-47f6-8780-e5535442ff8b,http://collections.nmnh.si.edu/media/index.php?irn=10744953,http://n2t.net/ark:/65665/m3d103edd8-063c-420c-aa4b-705a168e5278,,,,,,Bruce Martin,,plesiosaur.,,"tiff, jpeg, jpeg, jpeg, jpeg",,,,,,,,,,,,4125,2862,"Smithsonian Institution, NMNH, Paleobiology",,,,Usage Conditions Apply,,,,,"Specimen from Department of Paleobiology, NMNH, Smithsonian Institution.",Specimen/Object,,,USNM V 7059,image,,https://www.si.edu/termsofuse,,,https://naturalhistory.si.edu/research/nmnh-collections/museum-collections-policies,
http://n2t.net/ark:/65665/38efcc6d2-948c-4de1-81a2-10397cdfcb18,http://collections.nmnh.si.edu/media/index.php?irn=10005422,http://n2t.net/ark:/65665/m34fc487f6-a010-40df-9bc0-6e0bdcdbde57,,,,,,Michael Brett-Surman,,Part of a Triceratops frill.,,"jpeg, jpeg, jpeg, jpeg, jpeg",,,,,https://www.si.edu/sites/default/files/icons/cc0.svg,,,,,,,4005,3083,"Smithsonian Institution, NMNH, Paleobiology",,,,CC0,,,,,"Specimen from Department of Paleobiology, NMNH, Smithsonian Institution.",Specimen/Object,,,USNM PAL 540709_1,image,,https://creativecommons.org/publicdomain/zero/1.0/,,,https://naturalhistory.si.edu/research/nmnh-collections/museum-collections-policies,
http://n2t.net/ark:/65665/38efcc6d2-948c-4de1-81a2-10397cdfcb18,http://collections.nmnh.si.edu/media/index.php?irn=10005423,http://n2t.net/ark:/65665/m346090bf7-0742-4762-bb61-874ce1c8dfec,,,,,,Michael Brett-Surman,,Part of a Triceratops frill.,,"jpeg, jpeg, jpeg, jpeg, jpeg",,,,,https://www.si.edu/sites/default/files/icons/cc0.svg,,,,,,,3834,3102,"Smithsonian Institution, NMNH, Paleobiology",,,,CC0,,,,,"Specimen from Department of Paleobiology, NMNH, Smithsonian Institution.",Specimen/Object,,,USNM PAL 540709_2,image,,https://creativecommons.org/publicdomain/zero/1.0/,,,https://naturalhistory.si.edu/research/nmnh-collections/museum-collections-policies,
589ce793-0ddb-492b-be15-4456f87d3399,00000249-c44c-4dd9-ab59-422e97e6d7fc,http://sweetgum.nybg.org/images3/1996/305/00917645.jpg,,,,,,The New York Botanical Garden,,,,image/jpeg,,,,,,,eng,,,,The New York Botanical Garden,,,,,,,https://creativecommons.org/licenses/by/4.0/,,,,,,,,,,StillImage,,,,,,
beb6ae81-428f-4b4d-9e3c-1929e87e5e7a,00001380-6c0a-4f7a-833d-efc8922c3a27,http://sweetgum.nybg.org/images3/2342/416/03005132.jpg,,,,,,The New York Botanical Garden,,,,image/jpeg,,,,,,,eng,,,,The New York Botanical Garden,,,,,,,https://creativecommons.org/licenses/by/4.0/,,,,,,,,,,StillImage,,,,,,
fa7f4e1a-b846-4713-a0b2-1321f7cf5046,00001cdb-fd4e-4f7c-89e7-65417bfaefda,http://sweetgum.nybg.org/images3/1168/574/02039241.jpg,,,,,,The New York Botanical Garden,,,,image/jpeg,,,,,,,eng,,,,The New York Botanical Garden,,,,,,,https://creativecommons.org/licenses/by/4.0/,,,,,,,,,,StillImage,,,,,,
1a574fbc-e06b-400e-8383-b5e24db3c7b4,000029b3-2d02-4e4d-a631-cf51b26623c2,http://sweetgum.nybg.org/images3/2009/790/01405936.jpg,,,,,,The New York Botanical Garden,,,,image/jpeg,,,,,,,eng,,,,The New York Botanical Garden,,,,,,,https://creativecommons.org/licenses/by/4.0/,,,,,,,,,,StillImage,,,,,,
ed1d71fb-f111-4617-bbfe-f55c736daa57,00002e76-4e25-4894-ba95-f0b87663bb1a,http://sweetgum.nybg.org/images3/3560/458/04065833.jpg,,,,,,The New York Botanical Garden,,,,image/jpeg,,,,,,,eng,,,,The New York Botanical Garden,,,,,,,https://creativecommons.org/licenses/by/4.0/,,,,,,,,,,StillImage,,,,,,
156c26ab-be29-4b76-ba57-6f037cf92dd7,00015496-1912-4248-ad0e-b092be0168e2,http://sweetgum.nybg.org/images3/3190/316/03868010.jpg,,,,,,The New York Botanical Garden,,,,image/jpeg,,,,,,,eng,,,,The New York Botanical Garden,,,,,,,https://creativecommons.org/licenses/by/4.0/,,,,,,,,,,StillImage,,,,,,
b7404109-fa93-4bb9-829a-3e280e2cb984,00015a09-c069-4c9a-9171-407f627845b5,http://sweetgum.nybg.org/images3/1991/739/00504059.jpg,,,,,,The New York Botanical Garden,,,,image/jpeg,,,,,,,eng,,,,The New York Botanical Garden,,,,,,,https://creativecommons.org/licenses/by/4.0/,,,,,,,,,,StillImage,,,,,,
b12ec6f5-dfd3-49f0-ac87-cd1739241fef,0001614b-51dc-4944-bf1b-79c53e09a6ca,http://sweetgum.nybg.org/images3/2332/153/02888466.jpg,,,,,,The New York Botanical Garden,,,,image/jpeg,,,,,,,eng,,,,The New York Botanical Garden,,,,,,,https://creativecommons.org/licenses/by/4.0/,,,,,,,,,,StillImage,,,,,,
66211247-1d26-4560-9aab-a9d7f9253763,00016728-5d40-4215-b2d4-43db411456cb,http://sweetgum.nybg.org/images3/2485/982/02883990.jpg,,,,,,The New York Botanical Garden,,,,image/jpeg,,,,,,,eng,,,,The New York Botanical Garden,,,,,,,https://creativecommons.org/licenses/by/4.0/,,,,,,,,,,StillImage,,,,,,
235392d7-04e7-4fb5-872e-a7e39426d4b1,000168c8-95ad-444e-8d4a-2198c047dadc,http://sweetgum.nybg.org/images3/2084/767/00930292.jpg,,,,,,The New York Botanical Garden,,,,image/jpeg,,,,,,,eng,,,,The New York Botanical Garden,,,,,,,https://creativecommons.org/licenses/by/4.0/,,,,,,,,,,StillImage,,,,,,
urn:uuid:00000271-c4f4-496a-90f9-4055244ebaf5,urn:uuid:a3f0e0f9-b2d5-4474-8081-c405c57e1774,http://deliver.odai.yale.edu/content/repository/YPM/id/733547/format/3,,,irn:733547,,,Jessica Utrup,,,2019,image/jpeg,,,,,,2020-03-21 18:37:23,en,,,,,,,,urn:uuid:a3f0e0f9-b2d5-4474-8081-c405c57e1774,,,CC0,http://creativecommons.org/publicdomain/zero/1.0/,,,,,,,,undet. Eurypterida (YPM IP 546592). Digital Image: Yale Peabody Museum of Natural History; photo by Jessica Utrup 2019,StillImage,,,,,http://hdl.handle.net/10079/8931zqj/,
urn:uuid:0000103e-7d0f-4d18-99c8-06019e2b8913,urn:uuid:1fb6b42e-bc12-4d0d-8819-87155e1c403a,http://deliver.odai.yale.edu/content/repository/YPM/id/756063/format/2,,,irn:756063,,,Sidney Carlson White,,,2019,image/jpeg,,,,,,2020-03-21 18:42:53,en,,,,,,,,urn:uuid:1fb6b42e-bc12-4d0d-8819-87155e1c403a,,,CC0,http://creativecommons.org/publicdomain/zero/1.0/,,,,,,,,undet. Foraminiferida (YPM IP 090748). Digital Image: Yale Peabody Museum of Natural History; photo by Sidney Carlson White 2019,StillImage,,,,,http://hdl.handle.net/10079/8931zqj/,
urn:uuid:00001d2d-c248-48f2-a281-10acba002cb6,urn:uuid:adc03717-663f-4352-9dab-bfa4daf7d40d,http://deliver.odai.yale.edu/content/repository/YPM/id/718373/format/2,,,irn:718373,,,Sidney Carlson White,,,2019,image/jpeg,,,,,,2020-03-21 18:33:25,en,,,,,,,,urn:uuid:adc03717-663f-4352-9dab-bfa4daf7d40d,,,CC0,http://creativecommons.org/publicdomain/zero/1.0/,,,,,,,,Spirolocammina planula (YPM IPV1 656500). Digital Image: Yale Peabody Museum of Natural History; photo by Sidney Carlson White 2019,StillImage,,,,,http://hdl.handle.net/10079/8931zqj/,
urn:uuid:000025d2-86c0-4ec9-8d86-68abc29bbe39,urn:uuid:2b930845-f251-4bdb-a126-5d72fa81f96a,http://deliver.odai.yale.edu/content/repository/YPM/id/447605/format/3,,,irn:447605,,,Jessica Utrup,,,2015,image/jpeg,,,,,,2020-03-21 21:07:15,en,,,,,,,,urn:uuid:2b930845-f251-4bdb-a126-5d72fa81f96a,,,CC0,http://creativecommons.org/publicdomain/zero/1.0/,,,,,,,,undet. Brachiopoda (YPM IP 789280). Digital Image: Yale Peabody Museum of Natural History; photo by Jessica Utrup 2015,StillImage,,,,,http://hdl.handle.net/10079/8931zqj/,
urn:uuid:000064ab-e528-4365-a245-03af8ca4edf8,urn:uuid:e4221472-b41d-4159-beae-b16c8821cf07,http://deliver.odai.yale.edu/content/repository/YPM/id/398410/format/3,,,irn:398410,,,Eric Peavey,,,2014,image/jpeg,,,,,,2020-03-21 21:00:27,en,,,,,,,,urn:uuid:e4221472-b41d-4159-beae-b16c8821cf07,,,CC0,http://creativecommons.org/publicdomain/zero/1.0/,,,,,,,,undet. Diptera (YPM IP 041147). Digital Image: Yale Peabody Museum of Natural History; photo by Eric Peavey 2014,StillImage,,,,,http://hdl.handle.net/10079/8931zqj/,
urn:uuid:000c945e-15b9-4135-9a5b-3d2e7c1f452b,urn:uuid:716e8ed5-f1a7-48fe-a55d-fafd75bdba21,http://deliver.odai.yale.edu/content/repository/YPM/id/357545/format/3,,,irn:357545,,,Leah Moelling,,,2013,image/jpeg,,,,,,2020-03-21 20:38:14,en,,,,,,,,urn:uuid:716e8ed5-f1a7-48fe-a55d-fafd75bdba21,,,CC0,http://creativecommons.org/publicdomain/zero/1.0/,,,,,,,,Eurypterus lacustris (YPM IP 216653). Digital Image: Yale Peabody Museum of Natural History; photo by Leah Moelling 2013,StillImage,,,,,http://hdl.handle.net/10079/8931zqj/,
urn:uuid:000cbdfa-3c9a-4b56-9a3c-c491dc9502bd,urn:uuid:249bc15a-93ab-44f2-a50f-ffe0ea2aaecb,http://deliver.odai.yale.edu/content/repository/YPM/id/693699/format/3,,,irn:693699,,,Jim Barkley,,,2018,image/jpeg,,,,,,2020-03-21 18:12:17,en,,,,,,,,urn:uuid:249bc15a-93ab-44f2-a50f-ffe0ea2aaecb,,,CC0,http://creativecommons.org/publicdomain/zero/1.0/,,,,,,,,Psocoptera? (YPM IP 238774). Digital Image: Yale Peabody Museum of Natural History; photo by Jim Barkley 2018,StillImage,,,,,http://hdl.handle.net/10079/8931zqj/,
urn:uuid:000cbdfa-3c9a-4b56-9a3c-c491dc9502bd,urn:uuid:23b925c1-c966-4485-b499-e4d43a48a0d7,http://deliver.odai.yale.edu/content/repository/YPM/id/693700/format/3,,,irn:693700,,,Jim Barkley,,,2018,image/jpeg,,,,,,2020-03-21 18:12:18,en,,,,,,,,urn:uuid:23b925c1-c966-4485-b499-e4d43a48a0d7,,,CC0,http://creativecommons.org/publicdomain/zero/1.0/,,,,,,,,Psocoptera? (YPM IP 238774). Digital Image: Yale Peabody Museum of Natural History; photo by Jim Barkley 2018,StillImage,,,,,http://hdl.handle.net/10079/8931zqj/,
urn:uuid:000cfafa-3037-4946-8291-358d8ad9c1d6,urn:uuid:752bdcd4-4d19-41c3-9cae-4e3cf5acfde1,http://deliver.odai.yale.edu/content/repository/YPM/id/162542/format/2,,,irn:162542,,,"Division of Invertebrate Paleontology, Yale Peabody Museum",,,2018,image/jpeg,,,,,,2020-03-21 18:28:49,en,,,,,,,,urn:uuid:752bdcd4-4d19-41c3-9cae-4e3cf5acfde1,,,CC0,http://creativecommons.org/publicdomain/zero/1.0/,,,,,,,,"Globigerinoides sacculifer (YPM IP 727192). Digital Image: Yale Peabody Museum of Natural History; photo by Division of Invertebrate Paleontology, Yale Peabody Museum 2018",StillImage,,,,,http://hdl.handle.net/10079/8931zqj/,
urn:uuid:000d9cd4-cd32-4f56-9fbe-bd3ce603214b,urn:uuid:2e642edf-0d08-4a82-99ad-14857317ae3f,http://deliver.odai.yale.edu/content/repository/YPM/id/439256/format/3,,,irn:439256,,,Jessica Utrup,,,2015,image/jpeg,,,,,,2020-03-21 21:06:04,en,,,,,,,,urn:uuid:2e642edf-0d08-4a82-99ad-14857317ae3f,,,CC0,http://creativecommons.org/publicdomain/zero/1.0/,,,,,,,,Enteletes dumblei (YPM IP 335894). Digital Image: Yale Peabody Museum of Natural History; photo by Jessica Utrup 2015,StillImage,,,,,http://hdl.handle.net/10079/8931zqj/,